<?xml version="1.0" encoding="utf-8" ?>
<DataHadits>
    <kitab>
        <ID_Kitab>1</ID_Kitab>
        <Kitab_Indonesia>Kitab Mukaddimah</Kitab_Indonesia>
        <minBab>1</minBab>
        <maxBab>57</maxBab>
    </kitab>
    <kitab>
        <ID_Kitab>2</ID_Kitab>
        <Kitab_Indonesia>Kitab tahharah</Kitab_Indonesia>
        <minBab>58</minBab>
        <maxBab>175</maxBab>
    </kitab>
    <kitab>
        <ID_Kitab>3</ID_Kitab>
        <Kitab_Indonesia>Kitab Shalat</Kitab_Indonesia>
        <minBab>176</minBab>
        <maxBab>401</maxBab>
    </kitab>
    <kitab>
        <ID_Kitab>4</ID_Kitab>
        <Kitab_Indonesia>Kitab zakat</Kitab_Indonesia>
        <minBab>402</minBab>
        <maxBab>439</maxBab>
    </kitab>
    <kitab>
        <ID_Kitab>5</ID_Kitab>
        <Kitab_Indonesia>Kitab Puasa</Kitab_Indonesia>
        <minBab>440</minBab>
        <maxBab>495</maxBab>
    </kitab>
    <kitab>
        <ID_Kitab>6</ID_Kitab>
        <Kitab_Indonesia>Kitab manasik (haji)</Kitab_Indonesia>
        <minBab>496</minBab>
        <maxBab>586</maxBab>
    </kitab>
    <kitab>
        <ID_Kitab>7</ID_Kitab>
        <Kitab_Indonesia>Kitab udhiyah (sembelihan)</Kitab_Indonesia>
        <minBab>587</minBab>
        <maxBab>614</maxBab>
    </kitab>
    <kitab>
        <ID_Kitab>8</ID_Kitab>
        <Kitab_Indonesia>Kitab buruan</Kitab_Indonesia>
        <minBab>615</minBab>
        <maxBab>623</maxBab>
    </kitab>
    <kitab>
        <ID_Kitab>9</ID_Kitab>
        <Kitab_Indonesia>Kitab makanan</Kitab_Indonesia>
        <minBab>624</minBab>
        <maxBab>665</maxBab>
    </kitab>
    <kitab>
        <ID_Kitab>10</ID_Kitab>
        <Kitab_Indonesia>Kitab minuman</Kitab_Indonesia>
        <minBab>666</minBab>
        <maxBab>693</maxBab>
    </kitab>
    <kitab>
        <ID_Kitab>11</ID_Kitab>
        <Kitab_Indonesia>Kitab mimpi</Kitab_Indonesia>
        <minBab>694</minBab>
        <maxBab>706</maxBab>
    </kitab>
    <kitab>
        <ID_Kitab>12</ID_Kitab>
        <Kitab_Indonesia>Kitab nikah</Kitab_Indonesia>
        <minBab>707</minBab>
        <maxBab>762</maxBab>
    </kitab>
    <kitab>
        <ID_Kitab>13</ID_Kitab>
        <Kitab_Indonesia>Kitab thalak</Kitab_Indonesia>
        <minBab>763</minBab>
        <maxBab>780</maxBab>
    </kitab>
    <kitab>
        <ID_Kitab>14</ID_Kitab>
        <Kitab_Indonesia>Kitab hukuman</Kitab_Indonesia>
        <minBab>781</minBab>
        <maxBab>801</maxBab>
    </kitab>
    <kitab>
        <ID_Kitab>15</ID_Kitab>
        <Kitab_Indonesia>Kitab nadzar dan iman</Kitab_Indonesia>
        <minBab>802</minBab>
        <maxBab>813</maxBab>
    </kitab>
    <kitab>
        <ID_Kitab>16</ID_Kitab>
        <Kitab_Indonesia>Kitab diyat</Kitab_Indonesia>
        <minBab>814</minBab>
        <maxBab>838</maxBab>
    </kitab>
    <kitab>
        <ID_Kitab>17</ID_Kitab>
        <Kitab_Indonesia>Kitab jihad</Kitab_Indonesia>
        <minBab>839</minBab>
        <maxBab>877</maxBab>
    </kitab>
    <kitab>
        <ID_Kitab>18</ID_Kitab>
        <Kitab_Indonesia>Kitab sejarah</Kitab_Indonesia>
        <minBab>878</minBab>
        <maxBab>960</maxBab>
    </kitab>
    <kitab>
        <ID_Kitab>19</ID_Kitab>
        <Kitab_Indonesia>Kitab jual-beli</Kitab_Indonesia>
        <minBab>961</minBab>
        <maxBab>1043</maxBab>
    </kitab>
    <kitab>
        <ID_Kitab>20</ID_Kitab>
        <Kitab_Indonesia>Kitab meminta ijin</Kitab_Indonesia>
        <minBab>1044</minBab>
        <maxBab>1112</maxBab>
    </kitab>
    <kitab>
        <ID_Kitab>21</ID_Kitab>
        <Kitab_Indonesia>Kitab budak</Kitab_Indonesia>
        <minBab>1113</minBab>
        <maxBab>1232</maxBab>
    </kitab>
    <kitab>
        <ID_Kitab>22</ID_Kitab>
        <Kitab_Indonesia>Kitab faraidh</Kitab_Indonesia>
        <minBab>1233</minBab>
        <maxBab>1288</maxBab>
    </kitab>
    <kitab>
        <ID_Kitab>23</ID_Kitab>
        <Kitab_Indonesia>Kitab washiat</Kitab_Indonesia>
        <minBab>1289</minBab>
        <maxBab>1333</maxBab>
    </kitab>
    <kitab>
        <ID_Kitab>24</ID_Kitab>
        <Kitab_Indonesia>Kitab keutamaan alquran</Kitab_Indonesia>
        <minBab>1334</minBab>
        <maxBab>1368</maxBab>
    </kitab>
</DataHadits>
