<?xml version="1.0" encoding="utf-8" ?>
<DataHadits>
    <kitab>
        <ID_Kitab>1</ID_Kitab>
        <Kitab_Indonesia>Thaharah</Kitab_Indonesia>
        <minBab>1</minBab>
        <maxBab>205</maxBab>
    </kitab>
    <kitab>
        <ID_Kitab>2</ID_Kitab>
        <Kitab_Indonesia>Air</Kitab_Indonesia>
        <minBab>206</minBab>
        <maxBab>219</maxBab>
    </kitab>
    <kitab>
        <ID_Kitab>3</ID_Kitab>
        <Kitab_Indonesia>Haidh dan Istihadhoh</Kitab_Indonesia>
        <minBab>220</minBab>
        <maxBab>245</maxBab>
    </kitab>
    <kitab>
        <ID_Kitab>4</ID_Kitab>
        <Kitab_Indonesia>Mandi dan Tayammum</Kitab_Indonesia>
        <minBab>246</minBab>
        <maxBab>275</maxBab>
    </kitab>
    <kitab>
        <ID_Kitab>5</ID_Kitab>
        <Kitab_Indonesia>Shalat</Kitab_Indonesia>
        <minBab>276</minBab>
        <maxBab>299</maxBab>
    </kitab>
    <kitab>
        <ID_Kitab>6</ID_Kitab>
        <Kitab_Indonesia>Waktu-waktu shalat</Kitab_Indonesia>
        <minBab>300</minBab>
        <maxBab>354</maxBab>
    </kitab>
    <kitab>
        <ID_Kitab>7</ID_Kitab>
        <Kitab_Indonesia>Adzan</Kitab_Indonesia>
        <minBab>355</minBab>
        <maxBab>396</maxBab>
    </kitab>
    <kitab>
        <ID_Kitab>8</ID_Kitab>
        <Kitab_Indonesia>Masjid</Kitab_Indonesia>
        <minBab>397</minBab>
        <maxBab>442</maxBab>
    </kitab>
    <kitab>
        <ID_Kitab>9</ID_Kitab>
        <Kitab_Indonesia>Kiblat</Kitab_Indonesia>
        <minBab>443</minBab>
        <maxBab>467</maxBab>
    </kitab>
    <kitab>
        <ID_Kitab>10</ID_Kitab>
        <Kitab_Indonesia>Keimaman</Kitab_Indonesia>
        <minBab>468</minBab>
        <maxBab>532</maxBab>
    </kitab>
    <kitab>
        <ID_Kitab>11</ID_Kitab>
        <Kitab_Indonesia>Iftitah (Pembukaan)</Kitab_Indonesia>
        <minBab>533</minBab>
        <maxBab>621</maxBab>
    </kitab>
    <kitab>
        <ID_Kitab>12</ID_Kitab>
        <Kitab_Indonesia>Pelaksanaan</Kitab_Indonesia>
        <minBab>622</minBab>
        <maxBab>712</maxBab>
    </kitab>
    <kitab>
        <ID_Kitab>13</ID_Kitab>
        <Kitab_Indonesia>Sahwi (Lupa)</Kitab_Indonesia>
        <minBab>713</minBab>
        <maxBab>808</maxBab>
    </kitab>
    <kitab>
        <ID_Kitab>14</ID_Kitab>
        <Kitab_Indonesia>Jumat</Kitab_Indonesia>
        <minBab>809</minBab>
        <maxBab>853</maxBab>
    </kitab>
    <kitab>
        <ID_Kitab>15</ID_Kitab>
        <Kitab_Indonesia>Meng-qashar shalat saat safar</Kitab_Indonesia>
        <minBab>854</minBab>
        <maxBab>858</maxBab>
    </kitab>
    <kitab>
        <ID_Kitab>16</ID_Kitab>
        <Kitab_Indonesia>Shalat kusuf (Gerhana)</Kitab_Indonesia>
        <minBab>859</minBab>
        <maxBab>879</maxBab>
    </kitab>
    <kitab>
        <ID_Kitab>17</ID_Kitab>
        <Kitab_Indonesia>Istisqa&quot; (Meminta hujan)</Kitab_Indonesia>
        <minBab>880</minBab>
        <maxBab>897</maxBab>
    </kitab>
    <kitab>
        <ID_Kitab>18</ID_Kitab>
        <Kitab_Indonesia>Shalat  Khauf (Shalat dalam gelanggang perang)</Kitab_Indonesia>
        <minBab>898</minBab>
        <maxBab>898</maxBab>
    </kitab>
    <kitab>
        <ID_Kitab>19</ID_Kitab>
        <Kitab_Indonesia>Shalat idul adha-Idul Fithri</Kitab_Indonesia>
        <minBab>899</minBab>
        <maxBab>934</maxBab>
    </kitab>
    <kitab>
        <ID_Kitab>20</ID_Kitab>
        <Kitab_Indonesia>Qiyamul lail dan shalat sunnah siang hari</Kitab_Indonesia>
        <minBab>935</minBab>
        <maxBab>1001</maxBab>
    </kitab>
    <kitab>
        <ID_Kitab>21</ID_Kitab>
        <Kitab_Indonesia>Janazah</Kitab_Indonesia>
        <minBab>1002</minBab>
        <maxBab>1122</maxBab>
    </kitab>
    <kitab>
        <ID_Kitab>22</ID_Kitab>
        <Kitab_Indonesia>Puasa</Kitab_Indonesia>
        <minBab>1123</minBab>
        <maxBab>1207</maxBab>
    </kitab>
    <kitab>
        <ID_Kitab>23</ID_Kitab>
        <Kitab_Indonesia>Zakat</Kitab_Indonesia>
        <minBab>1208</minBab>
        <maxBab>1307</maxBab>
    </kitab>
    <kitab>
        <ID_Kitab>24</ID_Kitab>
        <Kitab_Indonesia>Manasik haji</Kitab_Indonesia>
        <minBab>1308</minBab>
        <maxBab>1538</maxBab>
    </kitab>
    <kitab>
        <ID_Kitab>25</ID_Kitab>
        <Kitab_Indonesia>Jihad</Kitab_Indonesia>
        <minBab>1539</minBab>
        <maxBab>1586</maxBab>
    </kitab>
    <kitab>
        <ID_Kitab>26</ID_Kitab>
        <Kitab_Indonesia>Penikahan</Kitab_Indonesia>
        <minBab>1587</minBab>
        <maxBab>1670</maxBab>
    </kitab>
    <kitab>
        <ID_Kitab>27</ID_Kitab>
        <Kitab_Indonesia>Thalak</Kitab_Indonesia>
        <minBab>1671</minBab>
        <maxBab>1746</maxBab>
    </kitab>
    <kitab>
        <ID_Kitab>28</ID_Kitab>
        <Kitab_Indonesia>Kuda perang</Kitab_Indonesia>
        <minBab>1747</minBab>
        <maxBab>1763</maxBab>
    </kitab>
    <kitab>
        <ID_Kitab>29</ID_Kitab>
        <Kitab_Indonesia>Waqaf</Kitab_Indonesia>
        <minBab>1764</minBab>
        <maxBab>1767</maxBab>
    </kitab>
    <kitab>
        <ID_Kitab>30</ID_Kitab>
        <Kitab_Indonesia>Wasiat</Kitab_Indonesia>
        <minBab>1768</minBab>
        <maxBab>1779</maxBab>
    </kitab>
    <kitab>
        <ID_Kitab>31</ID_Kitab>
        <Kitab_Indonesia>Pemberian </Kitab_Indonesia>
        <minBab>1780</minBab>
        <maxBab>1780</maxBab>
    </kitab>
    <kitab>
        <ID_Kitab>32</ID_Kitab>
        <Kitab_Indonesia>Hibah</Kitab_Indonesia>
        <minBab>1781</minBab>
        <maxBab>1784</maxBab>
    </kitab>
    <kitab>
        <ID_Kitab>33</ID_Kitab>
        <Kitab_Indonesia>Ruqba</Kitab_Indonesia>
        <minBab>1785</minBab>
        <maxBab>1786</maxBab>
    </kitab>
    <kitab>
        <ID_Kitab>34</ID_Kitab>
        <Kitab_Indonesia>Umra</Kitab_Indonesia>
        <minBab>1787</minBab>
        <maxBab>1791</maxBab>
    </kitab>
    <kitab>
        <ID_Kitab>35</ID_Kitab>
        <Kitab_Indonesia>Iman dan nadzar</Kitab_Indonesia>
        <minBab>1792</minBab>
        <maxBab>1840</maxBab>
    </kitab>
    <kitab>
        <ID_Kitab>36</ID_Kitab>
        <Kitab_Indonesia>Menggauli wanita</Kitab_Indonesia>
        <minBab>1846</minBab>
        <maxBab>1849</maxBab>
    </kitab>
    <kitab>
        <ID_Kitab>37</ID_Kitab>
        <Kitab_Indonesia>Kesucian darah</Kitab_Indonesia>
        <minBab>1850</minBab>
        <maxBab>1878</maxBab>
    </kitab>
    <kitab>
        <ID_Kitab>38</ID_Kitab>
        <Kitab_Indonesia>Pembagian fai&quot;</Kitab_Indonesia>
        <minBab>1879</minBab>
        <maxBab>1879</maxBab>
    </kitab>
    <kitab>
        <ID_Kitab>39</ID_Kitab>
        <Kitab_Indonesia>Baiah</Kitab_Indonesia>
        <minBab>1880</minBab>
        <maxBab>1918</maxBab>
    </kitab>
    <kitab>
        <ID_Kitab>40</ID_Kitab>
        <Kitab_Indonesia>Aqiqah</Kitab_Indonesia>
        <minBab>1919</minBab>
        <maxBab>1923</maxBab>
    </kitab>
    <kitab>
        <ID_Kitab>41</ID_Kitab>
        <Kitab_Indonesia>Far' dan 'Atirah</Kitab_Indonesia>
        <minBab>1924</minBab>
        <maxBab>1934</maxBab>
    </kitab>
    <kitab>
        <ID_Kitab>42</ID_Kitab>
        <Kitab_Indonesia>Buruan dan Sembelihan</Kitab_Indonesia>
        <minBab>1935</minBab>
        <maxBab>1972</maxBab>
    </kitab>
    <kitab>
        <ID_Kitab>43</ID_Kitab>
        <Kitab_Indonesia>Hewan sembelihan</Kitab_Indonesia>
        <minBab>1973</minBab>
        <maxBab>2016</maxBab>
    </kitab>
    <kitab>
        <ID_Kitab>44</ID_Kitab>
        <Kitab_Indonesia>Jual-beli</Kitab_Indonesia>
        <minBab>2017</minBab>
        <maxBab>2125</maxBab>
    </kitab>
    <kitab>
        <ID_Kitab>45</ID_Kitab>
        <Kitab_Indonesia>Qussamah</Kitab_Indonesia>
        <minBab>2126</minBab>
        <maxBab>2172</maxBab>
    </kitab>
    <kitab>
        <ID_Kitab>46</ID_Kitab>
        <Kitab_Indonesia>Potong tangan</Kitab_Indonesia>
        <minBab>2173</minBab>
        <maxBab>2190</maxBab>
    </kitab>
    <kitab>
        <ID_Kitab>47</ID_Kitab>
        <Kitab_Indonesia>Iman dan syareatnya</Kitab_Indonesia>
        <minBab>2191</minBab>
        <maxBab>2223</maxBab>
    </kitab>
    <kitab>
        <ID_Kitab>48</ID_Kitab>
        <Kitab_Indonesia>Perhiasan</Kitab_Indonesia>
        <minBab>2224</minBab>
        <maxBab>2346</maxBab>
    </kitab>
    <kitab>
        <ID_Kitab>49</ID_Kitab>
        <Kitab_Indonesia>Adab hakim</Kitab_Indonesia>
        <minBab>2347</minBab>
        <maxBab>2383</maxBab>
    </kitab>
    <kitab>
        <ID_Kitab>50</ID_Kitab>
        <Kitab_Indonesia>Meminta perlindungan</Kitab_Indonesia>
        <minBab>2384</minBab>
        <maxBab>2448</maxBab>
    </kitab>
    <kitab>
        <ID_Kitab>51</ID_Kitab>
        <Kitab_Indonesia>Minuman</Kitab_Indonesia>
        <minBab>2449</minBab>
        <maxBab>2507</maxBab>
    </kitab>
</DataHadits>
