<?xml version="1.0" encoding="utf-8" ?>
<DataHadits>
    <kitab>
        <ID_Kitab>1</ID_Kitab>
        <Kitab_Indonesia>Mukadimah</Kitab_Indonesia>
        <minBab>1</minBab>
        <maxBab>46</maxBab>
    </kitab>
    <kitab>
        <ID_Kitab>2</ID_Kitab>
        <Kitab_Indonesia>Thaharah dan sunah-sunahnya</Kitab_Indonesia>
        <minBab>47</minBab>
        <maxBab>185</maxBab>
    </kitab>
    <kitab>
        <ID_Kitab>3</ID_Kitab>
        <Kitab_Indonesia>Shalat </Kitab_Indonesia>
        <minBab>186</minBab>
        <maxBab>198</maxBab>
    </kitab>
    <kitab>
        <ID_Kitab>4</ID_Kitab>
        <Kitab_Indonesia>Adzan dan sunah yang ada di dalamnya</Kitab_Indonesia>
        <minBab>199</minBab>
        <maxBab>205</maxBab>
    </kitab>
    <kitab>
        <ID_Kitab>5</ID_Kitab>
        <Kitab_Indonesia>Masjid dan berjamaah</Kitab_Indonesia>
        <minBab>206</minBab>
        <maxBab>224</maxBab>
    </kitab>
    <kitab>
        <ID_Kitab>6</ID_Kitab>
        <Kitab_Indonesia>Mendirikan shalat dan sunah yang ada di dalamnya</Kitab_Indonesia>
        <minBab>225</minBab>
        <maxBab>429</maxBab>
    </kitab>
    <kitab>
        <ID_Kitab>7</ID_Kitab>
        <Kitab_Indonesia>Jenazah</Kitab_Indonesia>
        <minBab>430</minBab>
        <maxBab>494</maxBab>
    </kitab>
    <kitab>
        <ID_Kitab>8</ID_Kitab>
        <Kitab_Indonesia>Puasa</Kitab_Indonesia>
        <minBab>495</minBab>
        <maxBab>562</maxBab>
    </kitab>
    <kitab>
        <ID_Kitab>9</ID_Kitab>
        <Kitab_Indonesia>Zakat</Kitab_Indonesia>
        <minBab>563</minBab>
        <maxBab>590</maxBab>
    </kitab>
    <kitab>
        <ID_Kitab>10</ID_Kitab>
        <Kitab_Indonesia>Nikah</Kitab_Indonesia>
        <minBab>591</minBab>
        <maxBab>653</maxBab>
    </kitab>
    <kitab>
        <ID_Kitab>11</ID_Kitab>
        <Kitab_Indonesia>Talak </Kitab_Indonesia>
        <minBab>654</minBab>
        <maxBab>689</maxBab>
    </kitab>
    <kitab>
        <ID_Kitab>12</ID_Kitab>
        <Kitab_Indonesia>Kafarah</Kitab_Indonesia>
        <minBab>690</minBab>
        <maxBab>710</maxBab>
    </kitab>
    <kitab>
        <ID_Kitab>13</ID_Kitab>
        <Kitab_Indonesia>Perdagangan </Kitab_Indonesia>
        <minBab>711</minBab>
        <maxBab>779</maxBab>
    </kitab>
    <kitab>
        <ID_Kitab>14</ID_Kitab>
        <Kitab_Indonesia>Hukum-hukum</Kitab_Indonesia>
        <minBab>780</minBab>
        <maxBab>882</maxBab>
    </kitab>
    <kitab>
        <ID_Kitab>15</ID_Kitab>
        <Kitab_Indonesia>Hudud</Kitab_Indonesia>
        <minBab>883</minBab>
        <maxBab>920</maxBab>
    </kitab>
    <kitab>
        <ID_Kitab>16</ID_Kitab>
        <Kitab_Indonesia>Diyat</Kitab_Indonesia>
        <minBab>921</minBab>
        <maxBab>956</maxBab>
    </kitab>
    <kitab>
        <ID_Kitab>17</ID_Kitab>
        <Kitab_Indonesia>Wasiat</Kitab_Indonesia>
        <minBab>957</minBab>
        <maxBab>965</maxBab>
    </kitab>
    <kitab>
        <ID_Kitab>18</ID_Kitab>
        <Kitab_Indonesia>Waris</Kitab_Indonesia>
        <minBab>966</minBab>
        <maxBab>983</maxBab>
    </kitab>
    <kitab>
        <ID_Kitab>19</ID_Kitab>
        <Kitab_Indonesia>Jihad</Kitab_Indonesia>
        <minBab>984</minBab>
        <maxBab>1029</maxBab>
    </kitab>
    <kitab>
        <ID_Kitab>20</ID_Kitab>
        <Kitab_Indonesia>Manasik</Kitab_Indonesia>
        <minBab>1030</minBab>
        <maxBab>1137</maxBab>
    </kitab>
    <kitab>
        <ID_Kitab>21</ID_Kitab>
        <Kitab_Indonesia>Kurban</Kitab_Indonesia>
        <minBab>1138</minBab>
        <maxBab>1154</maxBab>
    </kitab>
    <kitab>
        <ID_Kitab>22</ID_Kitab>
        <Kitab_Indonesia>Sembelihan</Kitab_Indonesia>
        <minBab>1155</minBab>
        <maxBab>1169</maxBab>
    </kitab>
    <kitab>
        <ID_Kitab>23</ID_Kitab>
        <Kitab_Indonesia>Buruan</Kitab_Indonesia>
        <minBab>1170</minBab>
        <maxBab>1189</maxBab>
    </kitab>
    <kitab>
        <ID_Kitab>24</ID_Kitab>
        <Kitab_Indonesia>Makanan</Kitab_Indonesia>
        <minBab>1190</minBab>
        <maxBab>1251</maxBab>
    </kitab>
    <kitab>
        <ID_Kitab>25</ID_Kitab>
        <Kitab_Indonesia>Minuman</Kitab_Indonesia>
        <minBab>1252</minBab>
        <maxBab>1278</maxBab>
    </kitab>
    <kitab>
        <ID_Kitab>26</ID_Kitab>
        <Kitab_Indonesia>Pengobatan</Kitab_Indonesia>
        <minBab>1279</minBab>
        <maxBab>1323</maxBab>
    </kitab>
    <kitab>
        <ID_Kitab>27</ID_Kitab>
        <Kitab_Indonesia>Pakaian</Kitab_Indonesia>
        <minBab>1324</minBab>
        <maxBab>1370</maxBab>
    </kitab>
    <kitab>
        <ID_Kitab>28</ID_Kitab>
        <Kitab_Indonesia>Adab</Kitab_Indonesia>
        <minBab>1371</minBab>
        <maxBab>1429</maxBab>
    </kitab>
    <kitab>
        <ID_Kitab>29</ID_Kitab>
        <Kitab_Indonesia>Doa</Kitab_Indonesia>
        <minBab>1430</minBab>
        <maxBab>1451</maxBab>
    </kitab>
    <kitab>
        <ID_Kitab>30</ID_Kitab>
        <Kitab_Indonesia>Takbir Mimpi</Kitab_Indonesia>
        <minBab>1452</minBab>
        <maxBab>1461</maxBab>
    </kitab>
    <kitab>
        <ID_Kitab>31</ID_Kitab>
        <Kitab_Indonesia>Fitnah</Kitab_Indonesia>
        <minBab>1462</minBab>
        <maxBab>1497</maxBab>
    </kitab>
    <kitab>
        <ID_Kitab>32</ID_Kitab>
        <Kitab_Indonesia>Zuhud</Kitab_Indonesia>
        <minBab>1498</minBab>
        <maxBab>1536</maxBab>
    </kitab>
</DataHadits>
