<?xml version="1.0" encoding="utf-8" ?>
<DataHadits>
    <kitab>
        <ID_Kitab>1</ID_Kitab>
        <Kitab_Indonesia>Musnad sepuluh sahabat yang dijamin masuk surga</Kitab_Indonesia>
        <minBab>1</minBab>
        <maxBab>10</maxBab>
    </kitab>
    <kitab>
        <ID_Kitab>2</ID_Kitab>
        <Kitab_Indonesia>Musnad sahabat setelah sepuluh sahabat yang dijamin masuk surga</Kitab_Indonesia>
        <minBab>11</minBab>
        <maxBab>14</maxBab>
    </kitab>
    <kitab>
        <ID_Kitab>3</ID_Kitab>
        <Kitab_Indonesia>Musnad ahli bait </Kitab_Indonesia>
        <minBab>15</minBab>
        <maxBab>19</maxBab>
    </kitab>
    <kitab>
        <ID_Kitab>4</ID_Kitab>
        <Kitab_Indonesia>Dari musnad Bani Hasyim</Kitab_Indonesia>
        <minBab>20</minBab>
        <maxBab>25</maxBab>
    </kitab>
    <kitab>
        <ID_Kitab>5</ID_Kitab>
        <Kitab_Indonesia>Musnad sahabat yang banyak meriwayatkan hadits </Kitab_Indonesia>
        <minBab>26</minBab>
        <maxBab>29</maxBab>
    </kitab>
    <kitab>
        <ID_Kitab>6</ID_Kitab>
        <Kitab_Indonesia>Sisa Musnad sahabat yang banyak meriwayatkan hadits </Kitab_Indonesia>
        <minBab>30</minBab>
        <maxBab>33</maxBab>
    </kitab>
    <kitab>
        <ID_Kitab>7</ID_Kitab>
        <Kitab_Indonesia>Musnad penduduk Makkah</Kitab_Indonesia>
        <minBab>34</minBab>
        <maxBab>284</maxBab>
    </kitab>
    <kitab>
        <ID_Kitab>8</ID_Kitab>
        <Kitab_Indonesia>Musnad penduduk Madinah</Kitab_Indonesia>
        <minBab>285</minBab>
        <maxBab>432</maxBab>
    </kitab>
    <kitab>
        <ID_Kitab>9</ID_Kitab>
        <Kitab_Indonesia>Musnad penduduk Syam</Kitab_Indonesia>
        <minBab>433</minBab>
        <maxBab>622</maxBab>
    </kitab>
    <kitab>
        <ID_Kitab>10</ID_Kitab>
        <Kitab_Indonesia>Musnad penduduk Kufah</Kitab_Indonesia>
        <minBab>623</minBab>
        <maxBab>786</maxBab>
    </kitab>
    <kitab>
        <ID_Kitab>11</ID_Kitab>
        <Kitab_Indonesia>Musnad penduduk Bashrah</Kitab_Indonesia>
        <minBab>787</minBab>
        <maxBab>906</maxBab>
    </kitab>
    <kitab>
        <ID_Kitab>12</ID_Kitab>
        <Kitab_Indonesia>Musnad sahabat Anshar</Kitab_Indonesia>
        <minBab>907</minBab>
        <maxBab>960</maxBab>
    </kitab>
    <kitab>
        <ID_Kitab>13</ID_Kitab>
        <Kitab_Indonesia>Sisa musnad sahabat Anshar</Kitab_Indonesia>
        <minBab>961</minBab>
        <maxBab>1186</maxBab>
    </kitab>
    <kitab>
        <ID_Kitab>14</ID_Kitab>
        <Kitab_Indonesia>Musnad dari beberapa kabilah</Kitab_Indonesia>
        <minBab>1187</minBab>
        <maxBab>1277</maxBab>
    </kitab>
</DataHadits>
