<?xml version="1.0" encoding="utf-8" ?>
<DataHadits>
    <kitab>
        <ID_Kitab>1</ID_Kitab>
        <Kitab_Indonesia>Permulaan Wahyu</Kitab_Indonesia>
        <minBab>1</minBab>
        <maxBab>1</maxBab>
    </kitab>
    <kitab>
        <ID_Kitab>2</ID_Kitab>
        <Kitab_Indonesia>Iman</Kitab_Indonesia>
        <minBab>2</minBab>
        <maxBab>41</maxBab>
    </kitab>
    <kitab>
        <ID_Kitab>3</ID_Kitab>
        <Kitab_Indonesia>Ilmu</Kitab_Indonesia>
        <minBab>43</minBab>
        <maxBab>94</maxBab>
    </kitab>
    <kitab>
        <ID_Kitab>4</ID_Kitab>
        <Kitab_Indonesia>Wudlu</Kitab_Indonesia>
        <minBab>96</minBab>
        <maxBab>169</maxBab>
    </kitab>
    <kitab>
        <ID_Kitab>5</ID_Kitab>
        <Kitab_Indonesia>Mandi</Kitab_Indonesia>
        <minBab>170</minBab>
        <maxBab>198</maxBab>
    </kitab>
    <kitab>
        <ID_Kitab>6</ID_Kitab>
        <Kitab_Indonesia>Haidl</Kitab_Indonesia>
        <minBab>199</minBab>
        <maxBab>227</maxBab>
    </kitab>
    <kitab>
        <ID_Kitab>7</ID_Kitab>
        <Kitab_Indonesia>Tayamum</Kitab_Indonesia>
        <minBab>228</minBab>
        <maxBab>235</maxBab>
    </kitab>
    <kitab>
        <ID_Kitab>8</ID_Kitab>
        <Kitab_Indonesia>Shalat</Kitab_Indonesia>
        <minBab>236</minBab>
        <maxBab>341</maxBab>
    </kitab>
    <kitab>
        <ID_Kitab>9</ID_Kitab>
        <Kitab_Indonesia>Waktu-waktu shalat</Kitab_Indonesia>
        <minBab>342</minBab>
        <maxBab>382</maxBab>
    </kitab>
    <kitab>
        <ID_Kitab>10</ID_Kitab>
        <Kitab_Indonesia>Adzan</Kitab_Indonesia>
        <minBab>383</minBab>
        <maxBab>545</maxBab>
    </kitab>
    <kitab>
        <ID_Kitab>11</ID_Kitab>
        <Kitab_Indonesia>Jum'at</Kitab_Indonesia>
        <minBab>546</minBab>
        <maxBab>771</maxBab>
    </kitab>
    <kitab>
        <ID_Kitab>12</ID_Kitab>
        <Kitab_Indonesia>Jenazah</Kitab_Indonesia>
        <minBab>772</minBab>
        <maxBab>867</maxBab>
    </kitab>
    <kitab>
        <ID_Kitab>13</ID_Kitab>
        <Kitab_Indonesia>Zakat</Kitab_Indonesia>
        <minBab>868</minBab>
        <maxBab>945</maxBab>
    </kitab>
    <kitab>
        <ID_Kitab>14</ID_Kitab>
        <Kitab_Indonesia>Hajji</Kitab_Indonesia>
        <minBab>946</minBab>
        <maxBab>1163</maxBab>
    </kitab>
    <kitab>
        <ID_Kitab>15</ID_Kitab>
        <Kitab_Indonesia>Shaum</Kitab_Indonesia>
        <minBab>1164</minBab>
        <maxBab>1231</maxBab>
    </kitab>
    <kitab>
        <ID_Kitab>16</ID_Kitab>
        <Kitab_Indonesia>Shalat Tarawih</Kitab_Indonesia>
        <minBab>1232</minBab>
        <maxBab>1237</maxBab>
    </kitab>
    <kitab>
        <ID_Kitab>17</ID_Kitab>
        <Kitab_Indonesia>I'tikaf</Kitab_Indonesia>
        <minBab>1238</minBab>
        <maxBab>1256</maxBab>
    </kitab>
    <kitab>
        <ID_Kitab>18</ID_Kitab>
        <Kitab_Indonesia>Jual beli</Kitab_Indonesia>
        <minBab>1257</minBab>
        <maxBab>1369</maxBab>
    </kitab>
    <kitab>
        <ID_Kitab>19</ID_Kitab>
        <Kitab_Indonesia>Jual beli as-Salam</Kitab_Indonesia>
        <minBab>1370</minBab>
        <maxBab>1377</maxBab>
    </kitab>
    <kitab>
        <ID_Kitab>20</ID_Kitab>
        <Kitab_Indonesia>Asy-Syuf'ah</Kitab_Indonesia>
        <minBab>1378</minBab>
        <maxBab>1380</maxBab>
    </kitab>
    <kitab>
        <ID_Kitab>21</ID_Kitab>
        <Kitab_Indonesia>Al-Ijarah (sewa menyewa dan jasa)</Kitab_Indonesia>
        <minBab>1381</minBab>
        <maxBab>1402</maxBab>
    </kitab>
    <kitab>
        <ID_Kitab>22</ID_Kitab>
        <Kitab_Indonesia>Al-Hawalah (pengalihan hutang)</Kitab_Indonesia>
        <minBab>1403</minBab>
        <maxBab>1409</maxBab>
    </kitab>
    <kitab>
        <ID_Kitab>23</ID_Kitab>
        <Kitab_Indonesia>Al-Wakalah (perwakilan)</Kitab_Indonesia>
        <minBab>1410</minBab>
        <maxBab>1425</maxBab>
    </kitab>
    <kitab>
        <ID_Kitab>24</ID_Kitab>
        <Kitab_Indonesia>Al-Muzara'ah (pertanian)</Kitab_Indonesia>
        <minBab>1426</minBab>
        <maxBab>1442</maxBab>
    </kitab>
    <kitab>
        <ID_Kitab>25</ID_Kitab>
        <Kitab_Indonesia>Al-Musaqah (mengairi tanaman)</Kitab_Indonesia>
        <minBab>1443</minBab>
        <maxBab>1459</maxBab>
    </kitab>
    <kitab>
        <ID_Kitab>26</ID_Kitab>
        <Kitab_Indonesia>Mencari pinjaman dan melunasi hutang</Kitab_Indonesia>
        <minBab>1460</minBab>
        <maxBab>1479</maxBab>
    </kitab>
    <kitab>
        <ID_Kitab>27</ID_Kitab>
        <Kitab_Indonesia>Persengketan</Kitab_Indonesia>
        <minBab>1480</minBab>
        <maxBab>1488</maxBab>
    </kitab>
    <kitab>
        <ID_Kitab>28</ID_Kitab>
        <Kitab_Indonesia>Barang temuan</Kitab_Indonesia>
        <minBab>1489</minBab>
        <maxBab>1499</maxBab>
    </kitab>
    <kitab>
        <ID_Kitab>29</ID_Kitab>
        <Kitab_Indonesia>Perbuatan-perbuatan zhalim dan merampok</Kitab_Indonesia>
        <minBab>1500</minBab>
        <maxBab>1534</maxBab>
    </kitab>
    <kitab>
        <ID_Kitab>30</ID_Kitab>
        <Kitab_Indonesia>Asy-Syirkah (perserikatan usaha)</Kitab_Indonesia>
        <minBab>1535</minBab>
        <maxBab>1550</maxBab>
    </kitab>
    <kitab>
        <ID_Kitab>31</ID_Kitab>
        <Kitab_Indonesia>Gadai</Kitab_Indonesia>
        <minBab>1551</minBab>
        <maxBab>1556</maxBab>
    </kitab>
    <kitab>
        <ID_Kitab>32</ID_Kitab>
        <Kitab_Indonesia>Membebaskan budak</Kitab_Indonesia>
        <minBab>1557</minBab>
        <maxBab>1581</maxBab>
    </kitab>
    <kitab>
        <ID_Kitab>33</ID_Kitab>
        <Kitab_Indonesia>Hibah, keutamaannya dan anjuran melakukannya</Kitab_Indonesia>
        <minBab>1582</minBab>
        <maxBab>1616</maxBab>
    </kitab>
    <kitab>
        <ID_Kitab>34</ID_Kitab>
        <Kitab_Indonesia>Kesaksian</Kitab_Indonesia>
        <minBab>1618</minBab>
        <maxBab>1646</maxBab>
    </kitab>
    <kitab>
        <ID_Kitab>35</ID_Kitab>
        <Kitab_Indonesia>Perdamaian</Kitab_Indonesia>
        <minBab>1647</minBab>
        <maxBab>1660</maxBab>
    </kitab>
    <kitab>
        <ID_Kitab>36</ID_Kitab>
        <Kitab_Indonesia>Syarat-syarat</Kitab_Indonesia>
        <minBab>1661</minBab>
        <maxBab>1679</maxBab>
    </kitab>
    <kitab>
        <ID_Kitab>37</ID_Kitab>
        <Kitab_Indonesia>Washiyat</Kitab_Indonesia>
        <minBab>1680</minBab>
        <maxBab>1715</maxBab>
    </kitab>
    <kitab>
        <ID_Kitab>38</ID_Kitab>
        <Kitab_Indonesia>Jihad dan penjelajahan</Kitab_Indonesia>
        <minBab>1716</minBab>
        <maxBab>1912</maxBab>
    </kitab>
    <kitab>
        <ID_Kitab>39</ID_Kitab>
        <Kitab_Indonesia>Bagian seperlima</Kitab_Indonesia>
        <minBab>1913</minBab>
        <maxBab>1932</maxBab>
    </kitab>
    <kitab>
        <ID_Kitab>40</ID_Kitab>
        <Kitab_Indonesia>Jizyah</Kitab_Indonesia>
        <minBab>1933</minBab>
        <maxBab>1953</maxBab>
    </kitab>
    <kitab>
        <ID_Kitab>41</ID_Kitab>
        <Kitab_Indonesia>Permulaan penciptaan makhluq</Kitab_Indonesia>
        <minBab>1954</minBab>
        <maxBab>1969</maxBab>
    </kitab>
    <kitab>
        <ID_Kitab>42</ID_Kitab>
        <Kitab_Indonesia>Hadits-hadits yang meriwayatkan tentang para Nabi</Kitab_Indonesia>
        <minBab>1970</minBab>
        <maxBab>2020</maxBab>
    </kitab>
    <kitab>
        <ID_Kitab>43</ID_Kitab>
        <Kitab_Indonesia>Perilaku budi pekerti yang terpuji</Kitab_Indonesia>
        <minBab>2021</minBab>
        <maxBab>2126</maxBab>
    </kitab>
    <kitab>
        <ID_Kitab>44</ID_Kitab>
        <Kitab_Indonesia>Peperangan</Kitab_Indonesia>
        <minBab>2127</minBab>
        <maxBab>2209</maxBab>
    </kitab>
    <kitab>
        <ID_Kitab>45</ID_Kitab>
        <Kitab_Indonesia>Tafsir Al Qur`an</Kitab_Indonesia>
        <minBab>2210</minBab>
        <maxBab>2603</maxBab>
    </kitab>
    <kitab>
        <ID_Kitab>46</ID_Kitab>
        <Kitab_Indonesia>Keutamaan Al Qur`an</Kitab_Indonesia>
        <minBab>2604</minBab>
        <maxBab>2640</maxBab>
    </kitab>
    <kitab>
        <ID_Kitab>47</ID_Kitab>
        <Kitab_Indonesia>Nikah</Kitab_Indonesia>
        <minBab>2641</minBab>
        <maxBab>2763</maxBab>
    </kitab>
    <kitab>
        <ID_Kitab>48</ID_Kitab>
        <Kitab_Indonesia>Talaq</Kitab_Indonesia>
        <minBab>2764</minBab>
        <maxBab>2815</maxBab>
    </kitab>
    <kitab>
        <ID_Kitab>49</ID_Kitab>
        <Kitab_Indonesia>Nafkah</Kitab_Indonesia>
        <minBab>2816</minBab>
        <maxBab>2831</maxBab>
    </kitab>
    <kitab>
        <ID_Kitab>50</ID_Kitab>
        <Kitab_Indonesia>Makanan</Kitab_Indonesia>
        <minBab>2832</minBab>
        <maxBab>2889</maxBab>
    </kitab>
    <kitab>
        <ID_Kitab>51</ID_Kitab>
        <Kitab_Indonesia>Aqiqah</Kitab_Indonesia>
        <minBab>2890</minBab>
        <maxBab>2893</maxBab>
    </kitab>
    <kitab>
        <ID_Kitab>52</ID_Kitab>
        <Kitab_Indonesia>Penyembelihan dan perburuan</Kitab_Indonesia>
        <minBab>2894</minBab>
        <maxBab>2930</maxBab>
    </kitab>
    <kitab>
        <ID_Kitab>53</ID_Kitab>
        <Kitab_Indonesia>Kurban</Kitab_Indonesia>
        <minBab>2932</minBab>
        <maxBab>2947</maxBab>
    </kitab>
    <kitab>
        <ID_Kitab>54</ID_Kitab>
        <Kitab_Indonesia>Minuman</Kitab_Indonesia>
        <minBab>2948</minBab>
        <maxBab>2978</maxBab>
    </kitab>
    <kitab>
        <ID_Kitab>55</ID_Kitab>
        <Kitab_Indonesia>Sakit</Kitab_Indonesia>
        <minBab>2979</minBab>
        <maxBab>3000</maxBab>
    </kitab>
    <kitab>
        <ID_Kitab>56</ID_Kitab>
        <Kitab_Indonesia>Pengobatan</Kitab_Indonesia>
        <minBab>3001</minBab>
        <maxBab>3057</maxBab>
    </kitab>
    <kitab>
        <ID_Kitab>57</ID_Kitab>
        <Kitab_Indonesia>Pakaian</Kitab_Indonesia>
        <minBab>3058</minBab>
        <maxBab>3159</maxBab>
    </kitab>
    <kitab>
        <ID_Kitab>58</ID_Kitab>
        <Kitab_Indonesia>Adab</Kitab_Indonesia>
        <minBab>3160</minBab>
        <maxBab>3287</maxBab>
    </kitab>
    <kitab>
        <ID_Kitab>59</ID_Kitab>
        <Kitab_Indonesia>Meminta Izin</Kitab_Indonesia>
        <minBab>3288</minBab>
        <maxBab>3340</maxBab>
    </kitab>
    <kitab>
        <ID_Kitab>60</ID_Kitab>
        <Kitab_Indonesia>Do`a</Kitab_Indonesia>
        <minBab>3341</minBab>
        <maxBab>3408</maxBab>
    </kitab>
    <kitab>
        <ID_Kitab>61</ID_Kitab>
        <Kitab_Indonesia>Hal-hal yang melunakkan hati</Kitab_Indonesia>
        <minBab>3409</minBab>
        <maxBab>3460</maxBab>
    </kitab>
    <kitab>
        <ID_Kitab>62</ID_Kitab>
        <Kitab_Indonesia>Qadar</Kitab_Indonesia>
        <minBab>3461</minBab>
        <maxBab>3476</maxBab>
    </kitab>
    <kitab>
        <ID_Kitab>63</ID_Kitab>
        <Kitab_Indonesia>Sumpah dan Nadzar</Kitab_Indonesia>
        <minBab>3477</minBab>
        <maxBab>3509</maxBab>
    </kitab>
    <kitab>
        <ID_Kitab>64</ID_Kitab>
        <Kitab_Indonesia>Kafarat sumpah</Kitab_Indonesia>
        <minBab>3510</minBab>
        <maxBab>3519</maxBab>
    </kitab>
    <kitab>
        <ID_Kitab>65</ID_Kitab>
        <Kitab_Indonesia>Fara`idl</Kitab_Indonesia>
        <minBab>3520</minBab>
        <maxBab>3550</maxBab>
    </kitab>
    <kitab>
        <ID_Kitab>66</ID_Kitab>
        <Kitab_Indonesia>Hukum hudud</Kitab_Indonesia>
        <minBab>3552</minBab>
        <maxBab>3598</maxBab>
    </kitab>
    <kitab>
        <ID_Kitab>67</ID_Kitab>
        <Kitab_Indonesia>Diyat</Kitab_Indonesia>
        <minBab>3599</minBab>
        <maxBab>3630</maxBab>
    </kitab>
    <kitab>
        <ID_Kitab>68</ID_Kitab>
        <Kitab_Indonesia>Meminta taubat orang-orang murtad dan para pembangkan serta memerangi mereka</Kitab_Indonesia>
        <minBab>3631</minBab>
        <maxBab>3638</maxBab>
    </kitab>
    <kitab>
        <ID_Kitab>69</ID_Kitab>
        <Kitab_Indonesia>keterpaksaan</Kitab_Indonesia>
        <minBab>3639</minBab>
        <maxBab>3646</maxBab>
    </kitab>
    <kitab>
        <ID_Kitab>70</ID_Kitab>
        <Kitab_Indonesia>siasat mengelak</Kitab_Indonesia>
        <minBab>3647</minBab>
        <maxBab>3660</maxBab>
    </kitab>
    <kitab>
        <ID_Kitab>71</ID_Kitab>
        <Kitab_Indonesia>Ta'bir</Kitab_Indonesia>
        <minBab>3661</minBab>
        <maxBab>3708</maxBab>
    </kitab>
    <kitab>
        <ID_Kitab>72</ID_Kitab>
        <Kitab_Indonesia>Fitnah</Kitab_Indonesia>
        <minBab>3709</minBab>
        <maxBab>3734</maxBab>
    </kitab>
    <kitab>
        <ID_Kitab>73</ID_Kitab>
        <Kitab_Indonesia>Hukum-hukum</Kitab_Indonesia>
        <minBab>3735</minBab>
        <maxBab>3787</maxBab>
    </kitab>
    <kitab>
        <ID_Kitab>74</ID_Kitab>
        <Kitab_Indonesia>mengharap/mengandai-andai</Kitab_Indonesia>
        <minBab>3788</minBab>
        <maxBab>3796</maxBab>
    </kitab>
    <kitab>
        <ID_Kitab>75</ID_Kitab>
        <Kitab_Indonesia>Khabar Ahad</Kitab_Indonesia>
        <minBab>3797</minBab>
        <maxBab>3802</maxBab>
    </kitab>
    <kitab>
        <ID_Kitab>76</ID_Kitab>
        <Kitab_Indonesia>Berpegang teguh terhadap kitab dan sunnah</Kitab_Indonesia>
        <minBab>3803</minBab>
        <maxBab>3831</maxBab>
    </kitab>
    <kitab>
        <ID_Kitab>77</ID_Kitab>
        <Kitab_Indonesia>Tauhid</Kitab_Indonesia>
        <minBab>3832</minBab>
        <maxBab>3889</maxBab>
    </kitab>
</DataHadits>
