<?xml version="1.0" encoding="utf-8" ?>
<DataHadits>
    <kitab>
        <ID_Kitab>1</ID_Kitab>
        <Kitab_Indonesia>Mukadimah</Kitab_Indonesia>
        <minBab>6</minBab>
        <maxBab>15</maxBab>
    </kitab>
    <kitab>
        <ID_Kitab>2</ID_Kitab>
        <Kitab_Indonesia>Iman</Kitab_Indonesia>
        <minBab>76</minBab>
        <maxBab>171</maxBab>
    </kitab>
    <kitab>
        <ID_Kitab>3</ID_Kitab>
        <Kitab_Indonesia>Thaharah</Kitab_Indonesia>
        <minBab>172</minBab>
        <maxBab>205</maxBab>
    </kitab>
    <kitab>
        <ID_Kitab>4</ID_Kitab>
        <Kitab_Indonesia>Haid</Kitab_Indonesia>
        <minBab>206</minBab>
        <maxBab>238</maxBab>
    </kitab>
    <kitab>
        <ID_Kitab>5</ID_Kitab>
        <Kitab_Indonesia>Shalat </Kitab_Indonesia>
        <minBab>239</minBab>
        <maxBab>290</maxBab>
    </kitab>
    <kitab>
        <ID_Kitab>6</ID_Kitab>
        <Kitab_Indonesia>Masjid dan tempat-tempat shalat </Kitab_Indonesia>
        <minBab>291</minBab>
        <maxBab>346</maxBab>
    </kitab>
    <kitab>
        <ID_Kitab>7</ID_Kitab>
        <Kitab_Indonesia>Shalatnya musafir dan penjelasan tentang qashar</Kitab_Indonesia>
        <minBab>347</minBab>
        <maxBab>401</maxBab>
    </kitab>
    <kitab>
        <ID_Kitab>8</ID_Kitab>
        <Kitab_Indonesia>Jumat</Kitab_Indonesia>
        <minBab>402</minBab>
        <maxBab>420</maxBab>
    </kitab>
    <kitab>
        <ID_Kitab>9</ID_Kitab>
        <Kitab_Indonesia>Shalat dua hari raya</Kitab_Indonesia>
        <minBab>421</minBab>
        <maxBab>425</maxBab>
    </kitab>
    <kitab>
        <ID_Kitab>10</ID_Kitab>
        <Kitab_Indonesia>Shalat Istisqa`</Kitab_Indonesia>
        <minBab>426</minBab>
        <maxBab>430</maxBab>
    </kitab>
    <kitab>
        <ID_Kitab>11</ID_Kitab>
        <Kitab_Indonesia>Shalat Kusuf (gerhana)</Kitab_Indonesia>
        <minBab>431</minBab>
        <maxBab>435</maxBab>
    </kitab>
    <kitab>
        <ID_Kitab>12</ID_Kitab>
        <Kitab_Indonesia>Jenazah</Kitab_Indonesia>
        <minBab>436</minBab>
        <maxBab>472</maxBab>
    </kitab>
    <kitab>
        <ID_Kitab>13</ID_Kitab>
        <Kitab_Indonesia>Zakat</Kitab_Indonesia>
        <minBab>473</minBab>
        <maxBab>528</maxBab>
    </kitab>
    <kitab>
        <ID_Kitab>14</ID_Kitab>
        <Kitab_Indonesia>Puasa</Kitab_Indonesia>
        <minBab>529</minBab>
        <maxBab>568</maxBab>
    </kitab>
    <kitab>
        <ID_Kitab>15</ID_Kitab>
        <Kitab_Indonesia>Iktikaf</Kitab_Indonesia>
        <minBab>569</minBab>
        <maxBab>572</maxBab>
    </kitab>
    <kitab>
        <ID_Kitab>16</ID_Kitab>
        <Kitab_Indonesia>Haji</Kitab_Indonesia>
        <minBab>573</minBab>
        <maxBab>669</maxBab>
    </kitab>
    <kitab>
        <ID_Kitab>17</ID_Kitab>
        <Kitab_Indonesia>Nikah</Kitab_Indonesia>
        <minBab>670</minBab>
        <maxBab>693</maxBab>
    </kitab>
    <kitab>
        <ID_Kitab>18</ID_Kitab>
        <Kitab_Indonesia>Menyusui</Kitab_Indonesia>
        <minBab>694</minBab>
        <maxBab>712</maxBab>
    </kitab>
    <kitab>
        <ID_Kitab>19</ID_Kitab>
        <Kitab_Indonesia>Talak</Kitab_Indonesia>
        <minBab>713</minBab>
        <maxBab>721</maxBab>
    </kitab>
    <kitab>
        <ID_Kitab>20</ID_Kitab>
        <Kitab_Indonesia>Li'an</Kitab_Indonesia>
        <minBab>722</minBab>
        <maxBab>722</maxBab>
    </kitab>
    <kitab>
        <ID_Kitab>21</ID_Kitab>
        <Kitab_Indonesia>Memerdekakan budak</Kitab_Indonesia>
        <minBab>723</minBab>
        <maxBab>729</maxBab>
    </kitab>
    <kitab>
        <ID_Kitab>22</ID_Kitab>
        <Kitab_Indonesia>Jual beli</Kitab_Indonesia>
        <minBab>730</minBab>
        <maxBab>750</maxBab>
    </kitab>
    <kitab>
        <ID_Kitab>23</ID_Kitab>
        <Kitab_Indonesia>Pengairan</Kitab_Indonesia>
        <minBab>751</minBab>
        <maxBab>781</maxBab>
    </kitab>
    <kitab>
        <ID_Kitab>24</ID_Kitab>
        <Kitab_Indonesia>Waris</Kitab_Indonesia>
        <minBab>782</minBab>
        <maxBab>786</maxBab>
    </kitab>
    <kitab>
        <ID_Kitab>25</ID_Kitab>
        <Kitab_Indonesia>Hibah</Kitab_Indonesia>
        <minBab>787</minBab>
        <maxBab>790</maxBab>
    </kitab>
    <kitab>
        <ID_Kitab>26</ID_Kitab>
        <Kitab_Indonesia>Wasiat</Kitab_Indonesia>
        <minBab>791</minBab>
        <maxBab>796</maxBab>
    </kitab>
    <kitab>
        <ID_Kitab>27</ID_Kitab>
        <Kitab_Indonesia>Nadzar</Kitab_Indonesia>
        <minBab>797</minBab>
        <maxBab>801</maxBab>
    </kitab>
    <kitab>
        <ID_Kitab>28</ID_Kitab>
        <Kitab_Indonesia>Sumpah</Kitab_Indonesia>
        <minBab>802</minBab>
        <maxBab>814</maxBab>
    </kitab>
    <kitab>
        <ID_Kitab>29</ID_Kitab>
        <Kitab_Indonesia>Qusamah, pemberontak, qishah dan diyat</Kitab_Indonesia>
        <minBab>815</minBab>
        <maxBab>825</maxBab>
    </kitab>
    <kitab>
        <ID_Kitab>30</ID_Kitab>
        <Kitab_Indonesia>Hudud</Kitab_Indonesia>
        <minBab>826</minBab>
        <maxBab>836</maxBab>
    </kitab>
    <kitab>
        <ID_Kitab>31</ID_Kitab>
        <Kitab_Indonesia>Peradilan</Kitab_Indonesia>
        <minBab>837</minBab>
        <maxBab>847</maxBab>
    </kitab>
    <kitab>
        <ID_Kitab>32</ID_Kitab>
        <Kitab_Indonesia>Barang temuan</Kitab_Indonesia>
        <minBab>848</minBab>
        <maxBab>853</maxBab>
    </kitab>
    <kitab>
        <ID_Kitab>33</ID_Kitab>
        <Kitab_Indonesia>Jihad dan ekspedisi</Kitab_Indonesia>
        <minBab>854</minBab>
        <maxBab>904</maxBab>
    </kitab>
    <kitab>
        <ID_Kitab>34</ID_Kitab>
        <Kitab_Indonesia>Kepemimpinan</Kitab_Indonesia>
        <minBab>905</minBab>
        <maxBab>960</maxBab>
    </kitab>
    <kitab>
        <ID_Kitab>35</ID_Kitab>
        <Kitab_Indonesia>Buruan, sembelihan, dan hewan-hewan yang dimakan</Kitab_Indonesia>
        <minBab>961</minBab>
        <maxBab>972</maxBab>
    </kitab>
    <kitab>
        <ID_Kitab>36</ID_Kitab>
        <Kitab_Indonesia>Hewan kurban</Kitab_Indonesia>
        <minBab>973</minBab>
        <maxBab>980</maxBab>
    </kitab>
    <kitab>
        <ID_Kitab>37</ID_Kitab>
        <Kitab_Indonesia>Minuman</Kitab_Indonesia>
        <minBab>981</minBab>
        <maxBab>1015</maxBab>
    </kitab>
    <kitab>
        <ID_Kitab>38</ID_Kitab>
        <Kitab_Indonesia>Pakaian dan perhiasan</Kitab_Indonesia>
        <minBab>1016</minBab>
        <maxBab>1050</maxBab>
    </kitab>
    <kitab>
        <ID_Kitab>39</ID_Kitab>
        <Kitab_Indonesia>Adab</Kitab_Indonesia>
        <minBab>1051</minBab>
        <maxBab>1060</maxBab>
    </kitab>
    <kitab>
        <ID_Kitab>40</ID_Kitab>
        <Kitab_Indonesia>Salam</Kitab_Indonesia>
        <minBab>1061</minBab>
        <maxBab>1101</maxBab>
    </kitab>
    <kitab>
        <ID_Kitab>41</ID_Kitab>
        <Kitab_Indonesia>Lafadz termasuk dari adab dan yang lainnya</Kitab_Indonesia>
        <minBab>1102</minBab>
        <maxBab>1106</maxBab>
    </kitab>
    <kitab>
        <ID_Kitab>42</ID_Kitab>
        <Kitab_Indonesia>Syair</Kitab_Indonesia>
        <minBab>1107</minBab>
        <maxBab>1108</maxBab>
    </kitab>
    <kitab>
        <ID_Kitab>43</ID_Kitab>
        <Kitab_Indonesia>Mimpi</Kitab_Indonesia>
        <minBab>1109</minBab>
        <maxBab>1113</maxBab>
    </kitab>
    <kitab>
        <ID_Kitab>44</ID_Kitab>
        <Kitab_Indonesia>Keutamaan</Kitab_Indonesia>
        <minBab>1114</minBab>
        <maxBab>1159</maxBab>
    </kitab>
    <kitab>
        <ID_Kitab>45</ID_Kitab>
        <Kitab_Indonesia>Keutamaan sahabat</Kitab_Indonesia>
        <minBab>1160</minBab>
        <maxBab>1219</maxBab>
    </kitab>
    <kitab>
        <ID_Kitab>46</ID_Kitab>
        <Kitab_Indonesia>Berbuat baik, menyambut silaturahmi dan adab</Kitab_Indonesia>
        <minBab>1220</minBab>
        <maxBab>1270</maxBab>
    </kitab>
    <kitab>
        <ID_Kitab>47</ID_Kitab>
        <Kitab_Indonesia>Takdir</Kitab_Indonesia>
        <minBab>1271</minBab>
        <maxBab>1278</maxBab>
    </kitab>
    <kitab>
        <ID_Kitab>48</ID_Kitab>
        <Kitab_Indonesia>Ilmu</Kitab_Indonesia>
        <minBab>1279</minBab>
        <maxBab>1284</maxBab>
    </kitab>
    <kitab>
        <ID_Kitab>49</ID_Kitab>
        <Kitab_Indonesia>Dzikir, doa, taubat dan istighfar</Kitab_Indonesia>
        <minBab>1285</minBab>
        <maxBab>1311</maxBab>
    </kitab>
    <kitab>
        <ID_Kitab>50</ID_Kitab>
        <Kitab_Indonesia>Tabuat</Kitab_Indonesia>
        <minBab>1312</minBab>
        <maxBab>1322</maxBab>
    </kitab>
    <kitab>
        <ID_Kitab>51</ID_Kitab>
        <Kitab_Indonesia>Sifat munafik dan hukumnya</Kitab_Indonesia>
        <minBab>1323</minBab>
        <maxBab>1323</maxBab>
    </kitab>
    <kitab>
        <ID_Kitab>52</ID_Kitab>
        <Kitab_Indonesia>Sifat hari kiamat, surga dan neraka</Kitab_Indonesia>
        <minBab>1324</minBab>
        <maxBab>1343</maxBab>
    </kitab>
    <kitab>
        <ID_Kitab>53</ID_Kitab>
        <Kitab_Indonesia>Surga; sifat dan penghuninya</Kitab_Indonesia>
        <minBab>1344</minBab>
        <maxBab>1363</maxBab>
    </kitab>
    <kitab>
        <ID_Kitab>54</ID_Kitab>
        <Kitab_Indonesia>Fitnah dan tanda kiamat</Kitab_Indonesia>
        <minBab>1364</minBab>
        <maxBab>1391</maxBab>
    </kitab>
    <kitab>
        <ID_Kitab>55</ID_Kitab>
        <Kitab_Indonesia>Zuhud dan kelembutan hati</Kitab_Indonesia>
        <minBab>1392</minBab>
        <maxBab>1411</maxBab>
    </kitab>
    <kitab>
        <ID_Kitab>56</ID_Kitab>
        <Kitab_Indonesia>Tafsir</Kitab_Indonesia>
        <minBab>1412</minBab>
        <maxBab>1420</maxBab>
    </kitab>
</DataHadits>
