<?xml version="1.0" encoding="utf-8" ?>
<DataHadits>
    <kitab>
        <ID_Kitab>1</ID_Kitab>
        <Kitab_Indonesia>Thaharah</Kitab_Indonesia>
        <minBab>1</minBab>
        <maxBab>142</maxBab>
    </kitab>
    <kitab>
        <ID_Kitab>2</ID_Kitab>
        <Kitab_Indonesia>Shalat </Kitab_Indonesia>
        <minBab>143</minBab>
        <maxBab>509</maxBab>
    </kitab>
    <kitab>
        <ID_Kitab>3</ID_Kitab>
        <Kitab_Indonesia>Zakat</Kitab_Indonesia>
        <minBab>510</minBab>
        <maxBab>556</maxBab>
    </kitab>
    <kitab>
        <ID_Kitab>4</ID_Kitab>
        <Kitab_Indonesia>Barang Temuan</Kitab_Indonesia>
        <minBab>557</minBab>
        <maxBab>557</maxBab>
    </kitab>
    <kitab>
        <ID_Kitab>5</ID_Kitab>
        <Kitab_Indonesia>Manasik</Kitab_Indonesia>
        <minBab>558</minBab>
        <maxBab>655</maxBab>
    </kitab>
    <kitab>
        <ID_Kitab>6</ID_Kitab>
        <Kitab_Indonesia>Nikah</Kitab_Indonesia>
        <minBab>656</minBab>
        <maxBab>705</maxBab>
    </kitab>
    <kitab>
        <ID_Kitab>7</ID_Kitab>
        <Kitab_Indonesia>Talak</Kitab_Indonesia>
        <minBab>706</minBab>
        <maxBab>755</maxBab>
    </kitab>
    <kitab>
        <ID_Kitab>8</ID_Kitab>
        <Kitab_Indonesia>Puasa</Kitab_Indonesia>
        <minBab>756</minBab>
        <maxBab>837</maxBab>
    </kitab>
    <kitab>
        <ID_Kitab>9</ID_Kitab>
        <Kitab_Indonesia>Jihad</Kitab_Indonesia>
        <minBab>838</minBab>
        <maxBab>1022</maxBab>
    </kitab>
    <kitab>
        <ID_Kitab>10</ID_Kitab>
        <Kitab_Indonesia>Sembelihan</Kitab_Indonesia>
        <minBab>1023</minBab>
        <maxBab>1043</maxBab>
    </kitab>
    <kitab>
        <ID_Kitab>11</ID_Kitab>
        <Kitab_Indonesia>Buruan</Kitab_Indonesia>
        <minBab>1044</minBab>
        <maxBab>1047</maxBab>
    </kitab>
    <kitab>
        <ID_Kitab>12</ID_Kitab>
        <Kitab_Indonesia>Wasiat</Kitab_Indonesia>
        <minBab>1048</minBab>
        <maxBab>1064</maxBab>
    </kitab>
    <kitab>
        <ID_Kitab>13</ID_Kitab>
        <Kitab_Indonesia>Waris</Kitab_Indonesia>
        <minBab>1065</minBab>
        <maxBab>1082</maxBab>
    </kitab>
    <kitab>
        <ID_Kitab>14</ID_Kitab>
        <Kitab_Indonesia>Pajak, Kepemimpinan dan Fai</Kitab_Indonesia>
        <minBab>1083</minBab>
        <maxBab>1123</maxBab>
    </kitab>
    <kitab>
        <ID_Kitab>15</ID_Kitab>
        <Kitab_Indonesia>Jenazah</Kitab_Indonesia>
        <minBab>1124</minBab>
        <maxBab>1207</maxBab>
    </kitab>
    <kitab>
        <ID_Kitab>16</ID_Kitab>
        <Kitab_Indonesia>Sumpah dan Nadzar</Kitab_Indonesia>
        <minBab>1208</minBab>
        <maxBab>1239</maxBab>
    </kitab>
    <kitab>
        <ID_Kitab>17</ID_Kitab>
        <Kitab_Indonesia>Jual beli</Kitab_Indonesia>
        <minBab>1240</minBab>
        <maxBab>1331</maxBab>
    </kitab>
    <kitab>
        <ID_Kitab>18</ID_Kitab>
        <Kitab_Indonesia>Peradilan</Kitab_Indonesia>
        <minBab>1332</minBab>
        <maxBab>1362</maxBab>
    </kitab>
    <kitab>
        <ID_Kitab>19</ID_Kitab>
        <Kitab_Indonesia>Ilmu</Kitab_Indonesia>
        <minBab>1363</minBab>
        <maxBab>1375</maxBab>
    </kitab>
    <kitab>
        <ID_Kitab>20</ID_Kitab>
        <Kitab_Indonesia>Minuman</Kitab_Indonesia>
        <minBab>1376</minBab>
        <maxBab>1397</maxBab>
    </kitab>
    <kitab>
        <ID_Kitab>21</ID_Kitab>
        <Kitab_Indonesia>Makanan</Kitab_Indonesia>
        <minBab>1398</minBab>
        <maxBab>1452</maxBab>
    </kitab>
    <kitab>
        <ID_Kitab>22</ID_Kitab>
        <Kitab_Indonesia>Pengobatan</Kitab_Indonesia>
        <minBab>1453</minBab>
        <maxBab>1476</maxBab>
    </kitab>
    <kitab>
        <ID_Kitab>23</ID_Kitab>
        <Kitab_Indonesia>Pembebasan Budak</Kitab_Indonesia>
        <minBab>1477</minBab>
        <maxBab>1491</maxBab>
    </kitab>
    <kitab>
        <ID_Kitab>24</ID_Kitab>
        <Kitab_Indonesia>Huruf dan Bacaan</Kitab_Indonesia>
        <minBab>1492</minBab>
        <maxBab>1492</maxBab>
    </kitab>
    <kitab>
        <ID_Kitab>25</ID_Kitab>
        <Kitab_Indonesia>Pemandian Umum</Kitab_Indonesia>
        <minBab>1493</minBab>
        <maxBab>1495</maxBab>
    </kitab>
    <kitab>
        <ID_Kitab>26</ID_Kitab>
        <Kitab_Indonesia>Pakaian</Kitab_Indonesia>
        <minBab>1496</minBab>
        <maxBab>1543</maxBab>
    </kitab>
    <kitab>
        <ID_Kitab>27</ID_Kitab>
        <Kitab_Indonesia>Merapikan rambut</Kitab_Indonesia>
        <minBab>1544</minBab>
        <maxBab>1564</maxBab>
    </kitab>
    <kitab>
        <ID_Kitab>28</ID_Kitab>
        <Kitab_Indonesia>Cincin</Kitab_Indonesia>
        <minBab>1565</minBab>
        <maxBab>1572</maxBab>
    </kitab>
    <kitab>
        <ID_Kitab>29</ID_Kitab>
        <Kitab_Indonesia>Fitnah dan Peperangan Besar</Kitab_Indonesia>
        <minBab>1573</minBab>
        <maxBab>1579</maxBab>
    </kitab>
    <kitab>
        <ID_Kitab>30</ID_Kitab>
        <Kitab_Indonesia>Al Mahdi</Kitab_Indonesia>
        <minBab>1580</minBab>
        <maxBab>1580</maxBab>
    </kitab>
    <kitab>
        <ID_Kitab>31</ID_Kitab>
        <Kitab_Indonesia>Peperangan Besar</Kitab_Indonesia>
        <minBab>1581</minBab>
        <maxBab>1598</maxBab>
    </kitab>
    <kitab>
        <ID_Kitab>32</ID_Kitab>
        <Kitab_Indonesia>Hudud</Kitab_Indonesia>
        <minBab>1599</minBab>
        <maxBab>1638</maxBab>
    </kitab>
    <kitab>
        <ID_Kitab>33</ID_Kitab>
        <Kitab_Indonesia>Diyat</Kitab_Indonesia>
        <minBab>1639</minBab>
        <maxBab>1670</maxBab>
    </kitab>
    <kitab>
        <ID_Kitab>34</ID_Kitab>
        <Kitab_Indonesia>Sunnah</Kitab_Indonesia>
        <minBab>1671</minBab>
        <maxBab>1702</maxBab>
    </kitab>
    <kitab>
        <ID_Kitab>35</ID_Kitab>
        <Kitab_Indonesia>Adab</Kitab_Indonesia>
        <minBab>1703</minBab>
        <maxBab>1883</maxBab>
    </kitab>
</DataHadits>
