<?xml version="1.0" encoding="utf-8" ?>
<DataHadits>
    <kitab>
        <ID_Kitab>1</ID_Kitab>
        <Kitab_Indonesia>Bersuci</Kitab_Indonesia>
        <minBab>1</minBab>
        <maxBab>113</maxBab>
    </kitab>
    <kitab>
        <ID_Kitab>2</ID_Kitab>
        <Kitab_Indonesia>Shalat</Kitab_Indonesia>
        <minBab>114</minBab>
        <maxBab>351</maxBab>
    </kitab>
    <kitab>
        <ID_Kitab>3</ID_Kitab>
        <Kitab_Indonesia>Jum'at</Kitab_Indonesia>
        <minBab>352</minBab>
        <maxBab>433</maxBab>
    </kitab>
    <kitab>
        <ID_Kitab>4</ID_Kitab>
        <Kitab_Indonesia>Zakat</Kitab_Indonesia>
        <minBab>434</minBab>
        <maxBab>471</maxBab>
    </kitab>
    <kitab>
        <ID_Kitab>5</ID_Kitab>
        <Kitab_Indonesia>Puasa</Kitab_Indonesia>
        <minBab>472</minBab>
        <maxBab>554</maxBab>
    </kitab>
    <kitab>
        <ID_Kitab>6</ID_Kitab>
        <Kitab_Indonesia>Haji</Kitab_Indonesia>
        <minBab>555</minBab>
        <maxBab>664</maxBab>
    </kitab>
    <kitab>
        <ID_Kitab>7</ID_Kitab>
        <Kitab_Indonesia>Jenazah</Kitab_Indonesia>
        <minBab>665</minBab>
        <maxBab>736</maxBab>
    </kitab>
    <kitab>
        <ID_Kitab>8</ID_Kitab>
        <Kitab_Indonesia>Nikah</Kitab_Indonesia>
        <minBab>737</minBab>
        <maxBab>779</maxBab>
    </kitab>
    <kitab>
        <ID_Kitab>9</ID_Kitab>
        <Kitab_Indonesia>Penyusuan</Kitab_Indonesia>
        <minBab>780</minBab>
        <maxBab>795</maxBab>
    </kitab>
    <kitab>
        <ID_Kitab>10</ID_Kitab>
        <Kitab_Indonesia>Cerai dan li'an</Kitab_Indonesia>
        <minBab>796</minBab>
        <maxBab>817</maxBab>
    </kitab>
    <kitab>
        <ID_Kitab>11</ID_Kitab>
        <Kitab_Indonesia>Jual beli</Kitab_Indonesia>
        <minBab>818</minBab>
        <maxBab>889</maxBab>
    </kitab>
    <kitab>
        <ID_Kitab>12</ID_Kitab>
        <Kitab_Indonesia>Hukum-hukum </Kitab_Indonesia>
        <minBab>890</minBab>
        <maxBab>931</maxBab>
    </kitab>
    <kitab>
        <ID_Kitab>13</ID_Kitab>
        <Kitab_Indonesia>Diyat</Kitab_Indonesia>
        <minBab>932</minBab>
        <maxBab>953</maxBab>
    </kitab>
    <kitab>
        <ID_Kitab>14</ID_Kitab>
        <Kitab_Indonesia>Hukum Hudud</Kitab_Indonesia>
        <minBab>954</minBab>
        <maxBab>983</maxBab>
    </kitab>
    <kitab>
        <ID_Kitab>15</ID_Kitab>
        <Kitab_Indonesia>Berburu</Kitab_Indonesia>
        <minBab>984</minBab>
        <maxBab>990</maxBab>
    </kitab>
    <kitab>
        <ID_Kitab>16</ID_Kitab>
        <Kitab_Indonesia>Penyembelihan</Kitab_Indonesia>
        <minBab>991</minBab>
        <maxBab>991</maxBab>
    </kitab>
    <kitab>
        <ID_Kitab>17</ID_Kitab>
        <Kitab_Indonesia>Makanan</Kitab_Indonesia>
        <minBab>992</minBab>
        <maxBab>996</maxBab>
    </kitab>
    <kitab>
        <ID_Kitab>18</ID_Kitab>
        <Kitab_Indonesia>Hukum-hukum dan Faedah</Kitab_Indonesia>
        <minBab>997</minBab>
        <maxBab>1002</maxBab>
    </kitab>
    <kitab>
        <ID_Kitab>19</ID_Kitab>
        <Kitab_Indonesia>Hewan kurban</Kitab_Indonesia>
        <minBab>1003</minBab>
        <maxBab>1021</maxBab>
    </kitab>
    <kitab>
        <ID_Kitab>20</ID_Kitab>
        <Kitab_Indonesia>Nadzar dan Sumpah</Kitab_Indonesia>
        <minBab>1022</minBab>
        <maxBab>1038</maxBab>
    </kitab>
    <kitab>
        <ID_Kitab>21</ID_Kitab>
        <Kitab_Indonesia>Ekspedisi</Kitab_Indonesia>
        <minBab>1039</minBab>
        <maxBab>1084</maxBab>
    </kitab>
    <kitab>
        <ID_Kitab>22</ID_Kitab>
        <Kitab_Indonesia>keutamaan jihad</Kitab_Indonesia>
        <minBab>1085</minBab>
        <maxBab>1110</maxBab>
    </kitab>
    <kitab>
        <ID_Kitab>23</ID_Kitab>
        <Kitab_Indonesia>Jihad</Kitab_Indonesia>
        <minBab>1111</minBab>
        <maxBab>1149</maxBab>
    </kitab>
    <kitab>
        <ID_Kitab>24</ID_Kitab>
        <Kitab_Indonesia>Baju</Kitab_Indonesia>
        <minBab>1150</minBab>
        <maxBab>1193</maxBab>
    </kitab>
    <kitab>
        <ID_Kitab>25</ID_Kitab>
        <Kitab_Indonesia>Makanan</Kitab_Indonesia>
        <minBab>1194</minBab>
        <maxBab>1241</maxBab>
    </kitab>
    <kitab>
        <ID_Kitab>26</ID_Kitab>
        <Kitab_Indonesia>Minuman</Kitab_Indonesia>
        <minBab>1242</minBab>
        <maxBab>1262</maxBab>
    </kitab>
    <kitab>
        <ID_Kitab>27</ID_Kitab>
        <Kitab_Indonesia>Berbakti dan menyambung silaturrahim</Kitab_Indonesia>
        <minBab>1263</minBab>
        <maxBab>1349</maxBab>
    </kitab>
    <kitab>
        <ID_Kitab>28</ID_Kitab>
        <Kitab_Indonesia>Kedokteran</Kitab_Indonesia>
        <minBab>1350</minBab>
        <maxBab>1378</maxBab>
    </kitab>
    <kitab>
        <ID_Kitab>29</ID_Kitab>
        <Kitab_Indonesia>Fara`idh</Kitab_Indonesia>
        <minBab>1379</minBab>
        <maxBab>1401</maxBab>
    </kitab>
    <kitab>
        <ID_Kitab>30</ID_Kitab>
        <Kitab_Indonesia>Washiyat</Kitab_Indonesia>
        <minBab>1402</minBab>
        <maxBab>1408</maxBab>
    </kitab>
    <kitab>
        <ID_Kitab>31</ID_Kitab>
        <Kitab_Indonesia>Wala` dan hibbah (pemberian)</Kitab_Indonesia>
        <minBab>1409</minBab>
        <maxBab>1415</maxBab>
    </kitab>
    <kitab>
        <ID_Kitab>32</ID_Kitab>
        <Kitab_Indonesia>Qadar</Kitab_Indonesia>
        <minBab>1416</minBab>
        <maxBab>1429</maxBab>
    </kitab>
    <kitab>
        <ID_Kitab>33</ID_Kitab>
        <Kitab_Indonesia>Fitnah</Kitab_Indonesia>
        <minBab>1430</minBab>
        <maxBab>1487</maxBab>
    </kitab>
    <kitab>
        <ID_Kitab>34</ID_Kitab>
        <Kitab_Indonesia>Mimpi</Kitab_Indonesia>
        <minBab>1488</minBab>
        <maxBab>1497</maxBab>
    </kitab>
    <kitab>
        <ID_Kitab>35</ID_Kitab>
        <Kitab_Indonesia>Persaksian</Kitab_Indonesia>
        <minBab>1498</minBab>
        <maxBab>1501</maxBab>
    </kitab>
    <kitab>
        <ID_Kitab>36</ID_Kitab>
        <Kitab_Indonesia>Zuhud</Kitab_Indonesia>
        <minBab>1502</minBab>
        <maxBab>1550</maxBab>
    </kitab>
    <kitab>
        <ID_Kitab>37</ID_Kitab>
        <Kitab_Indonesia>Sifat qiamat, penggugah hati dan wara'</Kitab_Indonesia>
        <minBab>1551</minBab>
        <maxBab>1561</maxBab>
    </kitab>
    <kitab>
        <ID_Kitab>38</ID_Kitab>
        <Kitab_Indonesia>Sifat Surga</Kitab_Indonesia>
        <minBab>1562</minBab>
        <maxBab>1585</maxBab>
    </kitab>
    <kitab>
        <ID_Kitab>39</ID_Kitab>
        <Kitab_Indonesia>Sifat Jahannam</Kitab_Indonesia>
        <minBab>1586</minBab>
        <maxBab>1595</maxBab>
    </kitab>
    <kitab>
        <ID_Kitab>40</ID_Kitab>
        <Kitab_Indonesia>Iman</Kitab_Indonesia>
        <minBab>1596</minBab>
        <maxBab>1612</maxBab>
    </kitab>
    <kitab>
        <ID_Kitab>41</ID_Kitab>
        <Kitab_Indonesia>Ilmu</Kitab_Indonesia>
        <minBab>1613</minBab>
        <maxBab>1631</maxBab>
    </kitab>
    <kitab>
        <ID_Kitab>42</ID_Kitab>
        <Kitab_Indonesia>Meminta zin dan Adab</Kitab_Indonesia>
        <minBab>1632</minBab>
        <maxBab>1664</maxBab>
    </kitab>
    <kitab>
        <ID_Kitab>43</ID_Kitab>
        <Kitab_Indonesia>Adab</Kitab_Indonesia>
        <minBab>1665</minBab>
        <maxBab>1734</maxBab>
    </kitab>
    <kitab>
        <ID_Kitab>44</ID_Kitab>
        <Kitab_Indonesia>Permisalan</Kitab_Indonesia>
        <minBab>1735</minBab>
        <maxBab>1740</maxBab>
    </kitab>
    <kitab>
        <ID_Kitab>45</ID_Kitab>
        <Kitab_Indonesia>keutamaan Al Qur`an</Kitab_Indonesia>
        <minBab>1741</minBab>
        <maxBab>1756</maxBab>
    </kitab>
    <kitab>
        <ID_Kitab>46</ID_Kitab>
        <Kitab_Indonesia>Qira`at</Kitab_Indonesia>
        <minBab>1757</minBab>
        <maxBab>1766</maxBab>
    </kitab>
    <kitab>
        <ID_Kitab>47</ID_Kitab>
        <Kitab_Indonesia>Tafsir al Qur`an</Kitab_Indonesia>
        <minBab>1767</minBab>
        <maxBab>1859</maxBab>
    </kitab>
    <kitab>
        <ID_Kitab>48</ID_Kitab>
        <Kitab_Indonesia>Do'a</Kitab_Indonesia>
        <minBab>1860</minBab>
        <maxBab>1936</maxBab>
    </kitab>
    <kitab>
        <ID_Kitab>49</ID_Kitab>
        <Kitab_Indonesia>Budi pekerti yang terpuji</Kitab_Indonesia>
        <minBab>1937</minBab>
        <maxBab>2004</maxBab>
    </kitab>
</DataHadits>
