<?xml version="1.0" encoding="utf-8" ?>
<DataHadits>
    <kitab>
        <ID_Kitab>1</ID_Kitab>
        <Kitab_Indonesia>Waktu-waktu shalat</Kitab_Indonesia>
        <minBab>1</minBab>
        <maxBab>10</maxBab>
    </kitab>
    <kitab>
        <ID_Kitab>2</ID_Kitab>
        <Kitab_Indonesia>Tohharah</Kitab_Indonesia>
        <minBab>11</minBab>
        <maxBab>65</maxBab>
    </kitab>
    <kitab>
        <ID_Kitab>3</ID_Kitab>
        <Kitab_Indonesia>Adzan</Kitab_Indonesia>
        <minBab>66</minBab>
        <maxBab>201</maxBab>
    </kitab>
    <kitab>
        <ID_Kitab>4</ID_Kitab>
        <Kitab_Indonesia>Jenazah</Kitab_Indonesia>
        <minBab>202</minBab>
        <maxBab>225</maxBab>
    </kitab>
    <kitab>
        <ID_Kitab>5</ID_Kitab>
        <Kitab_Indonesia>Zakat</Kitab_Indonesia>
        <minBab>226</minBab>
        <maxBab>273</maxBab>
    </kitab>
    <kitab>
        <ID_Kitab>6</ID_Kitab>
        <Kitab_Indonesia>Puasa</Kitab_Indonesia>
        <minBab>276</minBab>
        <maxBab>305</maxBab>
    </kitab>
    <kitab>
        <ID_Kitab>7</ID_Kitab>
        <Kitab_Indonesia>I'tikaf</Kitab_Indonesia>
        <minBab>307</minBab>
        <maxBab>317</maxBab>
    </kitab>
    <kitab>
        <ID_Kitab>8</ID_Kitab>
        <Kitab_Indonesia>Haji</Kitab_Indonesia>
        <minBab>319</minBab>
        <maxBab>452</maxBab>
    </kitab>
    <kitab>
        <ID_Kitab>9</ID_Kitab>
        <Kitab_Indonesia>Jihad</Kitab_Indonesia>
        <minBab>453</minBab>
        <maxBab>480</maxBab>
    </kitab>
    <kitab>
        <ID_Kitab>10</ID_Kitab>
        <Kitab_Indonesia>Nadzar dan Iman</Kitab_Indonesia>
        <minBab>481</minBab>
        <maxBab>494</maxBab>
    </kitab>
    <kitab>
        <ID_Kitab>11</ID_Kitab>
        <Kitab_Indonesia>Sembelihan kurban</Kitab_Indonesia>
        <minBab>495</minBab>
        <maxBab>501</maxBab>
    </kitab>
    <kitab>
        <ID_Kitab>12</ID_Kitab>
        <Kitab_Indonesia>Sembelihan</Kitab_Indonesia>
        <minBab>502</minBab>
        <maxBab>506</maxBab>
    </kitab>
    <kitab>
        <ID_Kitab>13</ID_Kitab>
        <Kitab_Indonesia>Buruan</Kitab_Indonesia>
        <minBab>507</minBab>
        <maxBab>515</maxBab>
    </kitab>
    <kitab>
        <ID_Kitab>14</ID_Kitab>
        <Kitab_Indonesia>Aqiqah</Kitab_Indonesia>
        <minBab>517</minBab>
        <maxBab>519</maxBab>
    </kitab>
    <kitab>
        <ID_Kitab>15</ID_Kitab>
        <Kitab_Indonesia>Faraidh (pembagian waris)</Kitab_Indonesia>
        <minBab>527</minBab>
        <maxBab>538</maxBab>
    </kitab>
    <kitab>
        <ID_Kitab>16</ID_Kitab>
        <Kitab_Indonesia>Nikah</Kitab_Indonesia>
        <minBab>541</minBab>
        <maxBab>578</maxBab>
    </kitab>
    <kitab>
        <ID_Kitab>17</ID_Kitab>
        <Kitab_Indonesia>Thalak</Kitab_Indonesia>
        <minBab>579</minBab>
        <maxBab>633</maxBab>
    </kitab>
    <kitab>
        <ID_Kitab>18</ID_Kitab>
        <Kitab_Indonesia>Penyusuan</Kitab_Indonesia>
        <minBab>635</minBab>
        <maxBab>638</maxBab>
    </kitab>
    <kitab>
        <ID_Kitab>19</ID_Kitab>
        <Kitab_Indonesia>Jual-beli</Kitab_Indonesia>
        <minBab>640</minBab>
        <maxBab>720</maxBab>
    </kitab>
    <kitab>
        <ID_Kitab>20</ID_Kitab>
        <Kitab_Indonesia>Pinjaman</Kitab_Indonesia>
        <minBab>721</minBab>
        <maxBab>721</maxBab>
    </kitab>
    <kitab>
        <ID_Kitab>21</ID_Kitab>
        <Kitab_Indonesia>Penyiraman</Kitab_Indonesia>
        <minBab>736</minBab>
        <maxBab>736</maxBab>
    </kitab>
    <kitab>
        <ID_Kitab>22</ID_Kitab>
        <Kitab_Indonesia>Sewa tanah</Kitab_Indonesia>
        <minBab>739</minBab>
        <maxBab>740</maxBab>
    </kitab>
    <kitab>
        <ID_Kitab>23</ID_Kitab>
        <Kitab_Indonesia>Syuf'ah</Kitab_Indonesia>
        <minBab>742</minBab>
        <maxBab>744</maxBab>
    </kitab>
    <kitab>
        <ID_Kitab>24</ID_Kitab>
        <Kitab_Indonesia>Peradilan</Kitab_Indonesia>
        <minBab>746</minBab>
        <maxBab>813</maxBab>
    </kitab>
    <kitab>
        <ID_Kitab>25</ID_Kitab>
        <Kitab_Indonesia>Memerdekakn budak dan wala&quot;</Kitab_Indonesia>
        <minBab>815</minBab>
        <maxBab>834</maxBab>
    </kitab>
    <kitab>
        <ID_Kitab>26</ID_Kitab>
        <Kitab_Indonesia>Budak yang dimerdekakan</Kitab_Indonesia>
        <minBab>836</minBab>
        <maxBab>844</maxBab>
    </kitab>
    <kitab>
        <ID_Kitab>27</ID_Kitab>
        <Kitab_Indonesia>Mudabbar</Kitab_Indonesia>
        <minBab>855</minBab>
        <maxBab>855</maxBab>
    </kitab>
    <kitab>
        <ID_Kitab>28</ID_Kitab>
        <Kitab_Indonesia>hukuman pelanggaran</Kitab_Indonesia>
        <minBab>859</minBab>
        <maxBab>876</maxBab>
    </kitab>
    <kitab>
        <ID_Kitab>29</ID_Kitab>
        <Kitab_Indonesia>Minuman</Kitab_Indonesia>
        <minBab>878</minBab>
        <maxBab>884</maxBab>
    </kitab>
    <kitab>
        <ID_Kitab>30</ID_Kitab>
        <Kitab_Indonesia>Tebusan</Kitab_Indonesia>
        <minBab>885</minBab>
        <maxBab>926</maxBab>
    </kitab>
    <kitab>
        <ID_Kitab>31</ID_Kitab>
        <Kitab_Indonesia>Qussamah</Kitab_Indonesia>
        <minBab>927</minBab>
        <maxBab>927</maxBab>
    </kitab>
    <kitab>
        <ID_Kitab>32</ID_Kitab>
        <Kitab_Indonesia>Lain-lain</Kitab_Indonesia>
        <minBab>933</minBab>
        <maxBab>1042</maxBab>
    </kitab>
</DataHadits>
